line_id,text,header_type
0,**A Fairoz**,
2,Mobile: +91 9187448373,
4,# Email: fairoza928@gmail.com,
6,***Career Objective:***,summary_objective
8,"Working in a challenging environment provides an opportunity for me to undergo continuous learning and keep myself competitive with the changing scenario of the world, which intends to contribute positively to the growth and prosperity of the organization. I am a motivated individual with in-depth knowledge of languages and development tools, seeking a position in a growth-oriented company where I can use my skills to the advantage of the company while having the scope to develop my own skills.",
10,***Professional Summary:***,summary_objective
12,* 6+ years of Hands-on experience in Java Full stack developing robust backend applications using **Java** (versions **8 and 11**).,
13,* Proficient in Spring Boot for creating RESTful services and scalable web applications.,
14,* Knowledge of **JPA** (Java Persistence API) for managing database integrations.,
15,* Experience with **Hibernate** for object-relational mapping (**ORM**).,
16,"* Designed and developed scalable **microservices** solutions using Spring Boot, enabling modular deployment and improving platform reliability.",
17,"* Proficient in designing User Interface (UI) web applications using **HTML5, CSS3,** and **JavaScript** (including ES6+ features).",
18,* Familiar with **ReactJS** for frontend development and creating dynamic Single Page Applications (SPAs).,
19,* Experience with state management libraries like **Redux** and implementing routing in React applications using react- router-dom.,
20,"* Familiar with common front-end development tools such as Webpack, Babel, and NPM.",
21,* Experience in consuming and building **RESTful APIs** for seamless data exchange.,
22,"* Developed and deployed Java-based applications on AWS (EC2, S3, RDS, Lambda) and Azure (App Service, Azure SQL, Blob Storage), ensuring high availability and seamless cloud integration.",
23,"* Hands on experience in the Database oracle, SQL Server, Postgres",
24,* Proficient in using HTTP libraries such as Axios for handling asynchronous requests.,
25,* Experienced in using Visual Studio Code and other IDE tools for application development.,
26,"* Strong knowledge of version control systems, including **GIT** and **GitHub**, for effective source code management.",
27,"* Familiar with Agile development practices, promoting iterative development and cross-functional teamwork.",
28,* Demonstrated ability to learn continuously and adopt new technologies.,
29,* Strong problem-solving skills and attention to detail.,
31,***Technical Skills:***,skills
33,* **Java Language:**,
34,  + Strong understanding of Java programming and object-oriented concepts.,
35,* **Spring Boot Framework:**,
36,"  + Proficient in using Spring Boot to create RESTful APIs and scalable backend applications, Knowledge of Spring Boot features such as dependency injection and configuration management.",
37,* **Database Management:**,
38,  + Experience with JPA (Java Persistence API) for database interactions and familiarity with Hibernate for object-relational mapping (ORM).,
39,* **API Development:**,
40,  + I am skilled in designing and developing RESTful APIs for seamless data exchange between client and server.,
41,"* **HTML5, CSS3, and JavaScript:**",
42,"  + Proficient understanding of web markup, including HTML5 and CSS3 for frontend presentation.",
43,  + Familiarity with basic JavaScript for frontend interactions and API consumption.,
44,* **Development Methodologies:**,
45,  + Understanding of Agile methodologies to promote iterative development and collaboration.,
46,* **Cross-Browser Compatibility:**,
47,  + Knowledge of cross-browser compatibility issues and ways to resolve them when developing web applications.,
48,* **Cloud Services:**,
49,"* Developed and deployed Java-based applications on AWS (EC2, S3, RDS, Lambda) and Azure (App Service, Azure SQL, Blob Storage), ensuring high availability and seamless cloud integration.",
51,***Education Qualification:***,
53,"* **B.E(EEE) from Visvesvaraya Technological University, KA, 2015**",
55,***Professional Experience:***,experience
57,"* Worked as a Technical Lead for HCL Tech, Bangalore since June-2025 to Sep 2025.",
58,"* **Worked as a Software Engineer for Feat Innovations Private Limited, Mumbai since May-2019 to May 2025.**",
60,***Projects Profile:***,
62,**<u>#1 Project name:</u>** SPICE JET,
64,**<u>Description</u>**<u>:</u>,
66,"**Spice Jet** is an <u>Indian low-cost airline</u> headquartered in <u>Gurgaon</u>, <u>Haryana</u>. It is the",
68,"The second largest airline in the country carried by number of domestic passengers, with a market share of 13.6% as of March 2019. The airline operates 630 daily flights to 64 destinations, including 54 Indian and 15 international destinations from its hubs at <u>Delhi</u> and <u>Hyderabad</u>.",
70,**Roles and Responsibilities:**,
72,* Gathered and analyzed requirements from functional teams and clients for backend development.,
73,* Understood user stories and analyzed the technical tasks assigned for backend services.,
74,* Participated in daily stand-up calls to provide updates on project progress and tasks.,
75,* Designed and implemented RESTful APIs using **Java Spring Boot** for web applications.,
76,* Analyzed requirements to design database schemas and suggest architectural changes.,
77,* Worked with common Java development tools such as **Maven** for project management.,
78,* Consumed and integrated external RESTful APIs as per project requirements.,
79,* Implemented functionalities based on requirements provided by clients daily.,
80,* Worked with **Spring Boot** features such as dependency injection and security to enhance API functionality.,
81,"* Developed and maintained responsive, high-performance web applications using **ReactJs** , **Javascript**, **HTML5**, and **SCSS**.",
82,* Designed dynamic and reusable **UI components** using **ReactJs.**,
83,* Implemented **component-based architecture** ensuring scalability and reusability across the application.,
84,* Utilized HTTP libraries for handling requests and responses within the application.,
85,"* Managed application state, configuration, and transactions to ensure data integrity and performance.",
87,"**Technologies and Tools:** Core Java, Java 11, Spring, Spring Boot, REST API, Hibernate, JPA, Microservices, AWS, S3 Bucket",
89,**<u>#2 Project name:</u> Health Care**,
91,**<u>Description:</u>**,
93,"Fortis Healthcare Limited – an IHH Healthcare Bread Company – is a leading integrated health care services provider in India. It is one of the largest healthcare organizations in the country with 36 healthcare facilities (including projects under development), 4000 operational beds and over 400 diagnostics centers (including JVs). Fortis is present in India, United Arab Emirates (UAE) & Sri Lanka. Fortis offers a full spectrum of integrated healthcare services ranging from clinics to quaternary care facilities and a wide range of ancillary services.",
95,**Roles and Responsibilities:**,
97,"* Responsible for creating efficient design and developing backend services using **Core Java**, **Java 8**, and **Spring** framework.",
98,"* Designed and developed **responsive, modular Angular components** for patient dashboards, doctor portals, and admin interfaces.",
99,* Proficient in **Spring Boot** for developing RESTful APIs and microservices architecture.,
100,* Experienced in implementing data persistence using **Hibernate** and **JPA** for effective database management.,
101,* Skilled in developing and consuming **REST APIs** as per project requirements.,
102,"* Familiar with cloud services, particularly **AWS** and using **S3 Bucket** for storage solutions.",
103,* Worked in environments utilizing microservices to create scalable and modular applications.,
104,"* Managed **state and data flow** across modules using **RxJS Observables**, **Services**, and **NgRx Store**.",
105,* Implemented **lazy loading** and **AOT compilation** to improve app performance and reduce load times.,
107,"**Technologies and Tools:** Core Java, Java 8, Spring, Spring Boot, REST API, Hibernate, JPA, Microservices, AWS, HTML, CSS, JavaScript, React, MySQL",
109,**#Project Name :** Resource Planning Clients:,
111,"**Tools & Technology:** Java 1.8, Spring boot, JPA, Micro services, RESTful webservices, JUnit, Mockito, Eclipse, Kafka, Docker, Kubernetes Description RP project is for managing administrative operations of an organization.",
113,"The Objective of this product is to Generate Reports like Purchase Order, Sales Order and Invoice Statement etc. This product is also useful for managing Asset, Employee Details and Staff Payroll Processing.",
115,"It is an internet-based product and the Users for this application are Accountant, Managing Director of an Organization. Responsibilities:",
117,* Implementing rest API using spring boot,
118,* Micro services using spring cloud,
119,* Performed Client-Side validations at Screen level as per requirement.,
120,* Implemented Hibernate in persistence layer as ORM tool to interact with databases.,
121,* Involved in analyzing & fixing defects & implementing Enhancements logged by client.,
122,* Implemented Log4J logging for logging messages in various screens and debugging.,
